Model,Accuracy,Precision,Recall,F1 Score
Random Forest Classifier,0.7933333333333333,0.8185145573380868,0.7933333333333333,0.785300481728614
Decision Tree Classifier,0.71,0.7108564329528689,0.71,0.7101241811280364
