Model,MAE,RMSE,R2 Score
Random Forest Regressor,0.5577962962962966,0.6937398033358837,0.8506882124714421
Decision Tree Regressor,0.7816666666666666,0.9916417363813068,0.6949223001706397
